<?xml version="1.0" encoding="utf-8"?>
<actor version="1">
  <castshadow/>
  <group>
    <variant frequency="10" name="helmet-spartan-homoios-1">
      <mesh>props/helmet/hele_helmet_o.dae</mesh>
      <textures><texture file="props/helmet/hele_d1.dds" name="baseTex"/></textures>
    </variant>
    <variant frequency="2" name="helmet-spartan-homoios-2">
      <mesh>props/helmet/hele_helmet_n.dae</mesh>
      <textures><texture file="props/helmet/hele_leonidas.dds" name="baseTex"/></textures>
    </variant>
    <variant frequency="2" name="helmet-spartan-homoios-3">
      <mesh>props/helmet/hele_helmet_o.dae</mesh>
      <textures><texture file="props/helmet/hele_su1.dds" name="baseTex"/></textures>
    </variant>
    <variant frequency="2" name="helmet-spartan-officer">
      <mesh>props/helmet/hele_highcrest_spartan.dae</mesh>
      <textures><texture file="props/helmet/hele_d2.dds" name="baseTex"/></textures>
    </variant>
    <variant frequency="1" name="helmet-spartan-commander-1">
      <mesh>props/helmet/hele_helmet_v.dae</mesh>
      <textures><texture file="props/helmet/hele_su1.dds" name="baseTex"/></textures>
    </variant>
    <variant frequency="1" name="helmet-spartan-commander-2">
      <mesh>props/helmet/hele_helmet_v.dae</mesh>
      <textures><texture file="props/helmet/hele_d2.dds" name="baseTex"/></textures>
    </variant>
  </group>
  <material>playercolor_spec.xml</material>
</actor>
