{
	"genericName": "Colonization",
	"description": "Carthaginians established many trading centers as colonies and ultimately held dominion over 300 cities and towns in North Africa alone.",
	"cost": {"food": 0, "wood": 500, "stone": 0, "metal": 500},
	"requirements": {"all": [{"tech": "phase_town"}, {"civ": "cart"}]},
	"requirementsTooltip": "Unlocked in Town Phase.",
	"icon": "political_face.png",
	"researchTime": 60,
	"tooltip": "Carthaginians were colonizers. Civic Centers, Temples, and Houses -25% resource cost.",
	"modifications": [
		{ "value": "Cost/Resources/food", "multiply": 0.75 },
		{ "value": "Cost/Resources/wood", "multiply": 0.75 },
		{ "value": "Cost/Resources/metal", "multiply": 0.75 },
		{ "value": "Cost/Resources/stone", "multiply": 0.75 }
	],
	"affects": ["Civic"],
	"soundComplete": "interface/alarm/alarm_upgradearmory.xml"
}
