<?xml version="1.0" encoding="utf-8"?>
<actor version="1">
  <castshadow/>
  <group>
    <variant file="biped/base_swordsman_shieldarm_fast.xml">
      <mesh>skeletal/new/m_tunic_long.dae</mesh>
      <props>
        <prop actor="props/units/heads/new/head_corinthian.xml" attachpoint="helmet"/>
        <prop actor="props/units/heads/hele_su1.xml" attachpoint="head"/>
        <prop actor="props/units/shields/hele_aspis_spartan.xml" attachpoint="shield_arm"/>
        <prop actor="props/units/weapons/xiphos.xml" attachpoint="weapon_R"/>
      </props>
         <textures><texture file="skeletal/mace_ijv_b.png" name="baseTex"/></textures>
    </variant>
  </group>
  <group>
    <variant frequency="1" name="Idle"/>
    <variant file="biped/attack_capture.xml"/>
    <variant file="biped/attack_slaughter.xml"/>
    <variant file="biped/gather_praise.xml"/>
    <variant file="biped/death_infantry.xml"/>
  </group>
  <material>player_trans.xml</material>
</actor>
