<?xml version="1.0" encoding="utf-8"?>
<actor version="1">
  <castshadow/>
  <group>
    <variant file="biped/base_swordsman_shield_relax.xml">
      <mesh>skeletal/new/m_tunic_short.dae</mesh>
      <props>
        <prop actor="props/units/heads/new/head_maur_short_hair.xml" attachpoint="head"/>
        <prop actor="props/units/heads/maur_helmet_metal.xml" attachpoint="helmet"/>
        <prop actor="props/units/shields/maur_tall_roundtop_b.xml" attachpoint="shield"/>
        <prop actor="props/units/weapons/falcata.xml" attachpoint="weapon_R"/>
      </props>
      <textures>
        <texture file="skeletal/maur_isw_a.png" name="baseTex"/>
      </textures>
    </variant>
  </group>
  <group>
    <variant frequency="1" name="Idle"/>
    <variant file="biped/attack_capture.xml"/>
    <variant file="biped/attack_slaughter.xml"/>
    <variant file="biped/death_infantry.xml"/>
  </group>
  <material>player_trans.xml</material>
</actor>
