<?xml version="1.0" encoding="utf-8"?>

<objects>
	<script file="gui/common/music.js"/>
	<script file="gui/common/functions_global_object.js"/>
	<script file="gui/pregame/mainmenu.js"/>
	<script directory="gui/pregame/backgrounds/"/>


	<!--
	==========================================
	- MAIN MENU
	==========================================
	-->
	<object name="mainMenuPage">

		<action on="Tick">
			onTick();
		</action>

		<repeat count="5">
			<object name="background[n]"
				type="image"
				hidden="true"
				ghost="true"
			/>
		</repeat>

		<!--
		==========================================
		- MAIN MENU - STATIC TOOLTIP WINDOW
		==========================================
		-->

		<object name="pgToolTip"
			style="TranslucentPanel"
			type="text"
			hidden="true"
			size="100%-290 25 100% 140"
			ghost="true"
		/>

		<!--
		==========================================
		- MAIN MENU - USER REPORT
		==========================================
		-->

		<object
			name="userReportDisabled"
			size="100%-304 100%-154 100%-4 100%-4"
			type="image"
			style="userReportPanel"
		>
			<object
				type="text"
				style="userReportText"
			>
				<attribute id="caption">
					<keep>[font="sans-bold-16"]</keep>
					<translate>Help improve 0 A.D.!</translate>
					<keep>[/font]\n</keep>
					<translate>You can automatically send us anonymous feedback that will help us fix bugs, and improve performance and compatibility.</translate>
				</attribute>
			</object>
			<object type="button" style="StoneButton" size="8 100%-36 146 100%-8">
				<translatableAttribute id="caption">Enable Feedback</translatableAttribute>
				<action on="Press">EnableUserReport(true);</action>
			</object>
			<object type="button" style="StoneButton" size="100%-146 100%-36 100%-8 100%-8">
				<translatableAttribute id="caption">Technical Details</translatableAttribute>
				<action on="Press">Engine.PushGuiPage("page_manual.xml", {"page":"manual/userreport", "title":getTechnicalDetails()});</action>
			</object>
		</object>

		<object
			name="userReportEnabled"
			size="100%-304 100%-154 100%-4 100%-4"
			type="image"
			style="userReportPanel"
		>
			<object
				name="userReportEnabledText"
				type="text"
				style="userReportText"
			/>

			<object type="button" style="StoneButton" size="8 100%-36 146 100%-8">
				<translatableAttribute id="caption">Disable Feedback</translatableAttribute>
				<action on="Press">EnableUserReport(false);</action>
			</object>
			<object type="button" style="StoneButton" size="100%-146 100%-36 100%-8 100%-8">
				<translatableAttribute id="caption">Technical Details</translatableAttribute>
				<action on="Press">Engine.PushGuiPage("page_manual.xml", {"page":"manual/userreport", "title":getTechnicalDetails()});</action>
			</object>
		</object>


		<!--
		==========================================
		- SUBMENU
		==========================================
		-->

		<object hotkey="cancel">
			<action on="Press">
				closeMenu();
			</action>
		</object>

		<!-- hide submenu when user clicks on the background -->
		<object name="subMenuScreen" type="button">
			<action on="Press">
				closeMenu();
			</action>
		</object>

		<!-- submenu -->
		<object name="submenu"
			type="image"
			style="SubmenuPanel"
			size="60 50%-100 300 50%+100"
			hidden="true"
		>
			<!-- submenuLearnToPlay -->
			<object name="submenuLearn"
				type="image"
				size="0 4 100%-4 100%-4"
				tooltip_style="pgToolTip"
				hidden="true"
			>
				<!-- LEARN TO PLAY BUTTON -->
				<object name="menuManualButton"
					type="button"
					style="StoneButtonFancy"
					size="0 0 100% 28"
					tooltip_style="pgToolTip"
				>
					<translatableAttribute id="caption">Manual</translatableAttribute>
					<translatableAttribute id="tooltip">Open the 0 A.D. Game Manual.</translatableAttribute>
					<action on="Press">
						closeMenu();
						<![CDATA[
							Engine.PushGuiPage("page_manual.xml", {"page":"manual/intro", "title":getManual(), "url":"http://trac.wildfiregames.com/wiki/0adManual"});
						]]>
					</action>
				</object>

				<!-- START TUTORIAL BUTTON -->
				<object name="startTutorialButton"
					type="button"
					style="StoneButtonFancy"
					size="0 32 100% 60"
					tooltip_style="pgToolTip"
				>
					<translatableAttribute id="caption">Tutorial</translatableAttribute>
					<translatableAttribute id="tooltip">Start the economic tutorial.</translatableAttribute>
					<action on="Press">
						Engine.SwitchGuiPage("page_gamesetup.xml", { type: "offline", "tutorial": true });
					</action>
				</object>

				<!-- STRUCTREE BUTTON -->
				<object name="menuStrucTreeButton"
					style="StoneButtonFancy"
					type="button"
					size="0 64 100% 92"
					tooltip_style="pgToolTip"
				>
					<translatableAttribute id="caption">Structure Tree</translatableAttribute>
					<translatableAttribute id="tooltip">View the structure tree of civilizations featured in 0 A.D.</translatableAttribute>
					<action on="Press">
						closeMenu();
						<![CDATA[
							Engine.PushGuiPage("page_structree.xml", {});
						]]>
					</action>
				</object>

				<!-- HISTORY BUTTON -->
				<object name="menuHistoryButton"
					style="StoneButtonFancy"
					type="button"
					size="0 96 100% 124"
					tooltip_style="pgToolTip"
				>
					<translatableAttribute id="caption">History</translatableAttribute>
					<translatableAttribute id="tooltip">Learn about the many civilizations featured in 0 A.D.</translatableAttribute>
					<action on="Press">
						closeMenu();
						<![CDATA[
							Engine.PushGuiPage("page_civinfo.xml");
						]]>
					</action>
				</object>

			</object>

			<!-- submenuSinglePlayer -->
			<object name="submenuSinglePlayer"
				type="image"
				size="0 4 100%-4 100%-4"
				tooltip_style="pgToolTip"
				hidden="true"
			>
				<object name="subMenuSinglePlayerButton"
					type="button"
					style="StoneButtonFancy"
					size="0 0 100% 28"
					tooltip_style="pgToolTip"
				>
					<translatableAttribute id="caption">Matches</translatableAttribute>
					<translatableAttribute id="tooltip">Click here to start a new single player game.</translatableAttribute>
					<action on="Press">
						Engine.SwitchGuiPage("page_gamesetup.xml", { type: "offline" });
					</action>
				</object>

				<object name="subMenuCampaignButton"
					type="button"
					style="StoneButtonFancy"
					size="0 32 100% 60"
					tooltip_style="pgToolTip"
					enabled="false"
				>
					<translatableAttribute id="caption">Campaigns</translatableAttribute>
					<translatableAttribute id="tooltip">Relive history through historical military campaigns. \[NOT YET IMPLEMENTED]</translatableAttribute>
					<action on="Press">
					closeMenu();
						<![CDATA[
							// Open Campaigns window.
							// NOT IMPLEMENTED YET
						]]>
					</action>
				</object>

				<object name="subMenuLoadButton"
					type="button"
					style="StoneButtonFancy"
					size="0 64 100% 92"
					tooltip_style="pgToolTip"
				>
					<translatableAttribute id="caption">Load Game</translatableAttribute>
					<translatableAttribute id="tooltip">Click here to load a saved game.</translatableAttribute>
					<action on="Press">
						closeMenu();
						Engine.PushGuiPage("page_loadgame.xml", { type: "offline" });
					</action>
				</object>

			</object>

			<!-- submenuMultiplayer -->
			<object name="submenuMultiplayer"
				type="image"
				size="0 4 100%-4 100%-4"
				tooltip_style="pgToolTip"
				hidden="true"
			>
				<object name="subMenuMultiplayerJoinButton"
					type="button"
					style="StoneButtonFancy"
					size="0 0 100% 28"
					tooltip_style="pgToolTip"
				>
					<translatableAttribute id="caption" comment="Join a game by specifying the host's IP address.">Join Game</translatableAttribute>
					<translatableAttribute id="tooltip">Joining an existing multiplayer game.</translatableAttribute>
					<action on="Press">
						closeMenu();
						// Open Multiplayer connection window with join option.
						Engine.PushGuiPage("page_gamesetup_mp.xml", { multiplayerGameType: "join" });
					</action>
				</object>

				<object name="subMenuMultiplayerHostButton"
					type="button"
					style="StoneButtonFancy"
					size="0 32 100% 60"
					tooltip_style="pgToolTip"
				>
					<translatableAttribute id="caption">Host Game</translatableAttribute>
					<translatableAttribute id="tooltip">Host a multiplayer game.\n\nRequires UDP port 20595 to be open.</translatableAttribute>
					<action on="Press">
						closeMenu();
						// Open Multiplayer connection window with host option.
						Engine.PushGuiPage("page_gamesetup_mp.xml", { multiplayerGameType: "host" });
					</action>
				</object>

				<object name="subMenuMultiplayerLobbyButton"
					type="button"
					style="StoneButtonFancy"
					size="0 64 100% 92"
					tooltip_style="pgToolTip"
				>
					<translatableAttribute id="caption">Game Lobby</translatableAttribute>
					<translatableAttribute id="tooltip">Launch the multiplayer lobby.</translatableAttribute>
					<action on="Press">
						closeMenu();
						// Open Multiplayer game lobby.
						Engine.PushGuiPage("page_prelobby.xml", []);
					</action>
					<action on="load">
						if (!Engine.StartXmppClient)
						{
							this.enabled = false;
							this.tooltip = getLobbyDisabledByBuild();
						}
					</action>
				</object>
				</object>

			<!-- submenuToolsAndOptions -->
			<object name="submenuToolsAndOptions"
				type="image"
				size="0 4 100%-4 100%-4"
				tooltip_style="pgToolTip"
				hidden="true"
			>
				<object name="submenuOptionsButton"
					style="StoneButtonFancy"
					type="button"
					size="0 0 100% 28"
					tooltip_style="pgToolTip"
				>
					<translatableAttribute id="caption">Options</translatableAttribute>
					<translatableAttribute id="tooltip">Adjust game settings.</translatableAttribute>
					<action on="Press">
						closeMenu();
						<![CDATA[
							// Open Options window.
							Engine.PushGuiPage("page_options.xml");
						]]>
					</action>
				</object>

				<object name="submenuLocaleButton"
					style="StoneButtonFancy"
					type="button"
					size="0 32 100% 60"
					tooltip_style="pgToolTip"
				>
					<translatableAttribute id="caption">Language</translatableAttribute>
					<translatableAttribute id="tooltip">Choose the language of the game.</translatableAttribute>
					<action on="Press">
						<![CDATA[
						closeMenu();
						Engine.PushGuiPage("page_locale.xml");
						]]>
					</action>
				</object>

				<object name="submenuReplayButton"
					type="button"
					style="StoneButtonFancy"
					size="0 64 100% 92"
					tooltip_style="pgToolTip"
				>
					<translatableAttribute id="caption">Replays</translatableAttribute>
					<translatableAttribute id="tooltip">Playback previous games.</translatableAttribute>
					<action on="Press">
						closeMenu();
						Engine.SwitchGuiPage("page_replaymenu.xml");
					</action>
				</object>

				<object name="submenuEditorButton"
					style="StoneButtonFancy"
					type="button"
					size="0 96 100% 124"
					tooltip_style="pgToolTip"
				>
					<translatableAttribute id="caption">Scenario Editor</translatableAttribute>
					<translatableAttribute id="tooltip">Open the Atlas Scenario Editor in a new window. You can run this more reliably by starting the game with the command-line argument &quot;-editor&quot;.</translatableAttribute>
					<action on="Press">
						pressedScenarioEditorButton();
					</action>
				</object>

				<object name="submenuWelcomeScreenButton"
					style="StoneButtonFancy"
					type="button"
					size="0 128 100% 156"
					tooltip_style="pgToolTip"
				>
					<translatableAttribute id="caption">Welcome Screen</translatableAttribute>
					<translatableAttribute id="tooltip">Show the Welcome Screen. Useful if you hid it by mistake.</translatableAttribute>
					<action on="Press">
						<![CDATA[
						closeMenu();
						Engine.PushGuiPage("page_splashscreen.xml", { "page": "splashscreen", callback : "SplashScreenClosedCallback" } );
						]]>
					</action>
				</object>
				<object name="submenuModSelection"
					style="StoneButtonFancy"
					type="button"
					size="0 160 100% 188"
					tooltip_style="pgToolTip"
				>
					<translatableAttribute id="caption">Mod Selection</translatableAttribute>
					<translatableAttribute id="tooltip">Select mods to use.</translatableAttribute>
					<action on="Press">
						Engine.SwitchGuiPage("page_modmod.xml", {});
					</action>
				</object>
			</object>
		</object><!-- end of submenu -->


		<!--
		==========================================
		- MAIN MENU PANEL
		==========================================
		-->
		<object name="mainMenu"
			type="image"
			style="MainMenuPanel"
			size="60 -2 300 100%+2"
			z="50"
		>
			<!-- These are used to make the right side blend in with the submenu -->
			<object name="MainMenuPanelRightBorderTop"
				type="image"
				sprite="MainMenuPanelRightBorder"
				ghost="true"
				size="100%-2 0 100% 100%"
			/>
			<object name="MainMenuPanelRightBorderBottom"
				type="image"
				sprite="MainMenuPanelRightBorder"
				ghost="true"
				size="100%-2 0 100% 100%"
			/>

			<object name="productLogo"
				type="image"
				sprite="productLogo"
				ghost="true"
				size="50%-110 30 50%+110 130"
			/>

			<object name="mainMenuButtons"
				type="image"
				size="8 156 100%-8 356"
				ghost="false"
			>

				<!-- LEARN BUTTON -->
				<object name="menuLearnToPlayButton"
					style="StoneButtonFancy"
					type="button"
					size="4 4 100%-4 32"
					tooltip_style="pgToolTip"
				>
					<translatableAttribute id="caption">Learn To Play</translatableAttribute>
					<translatableAttribute id="tooltip">Learn how to play, start the tutorial, discover the technology trees, and the history behind the civilizations</translatableAttribute>
					<action on="Press">
						closeMenu();
						openMenu("submenuLearn", (this.parent.size.top+this.size.top), (this.size.bottom-this.size.top), 4);
					</action>
				</object>

				<!-- SINGLEPLAYER BUTTON -->
				<object name="menuSinglePlayerButton"
					style="StoneButtonFancy"
					type="button"
					size="4 36 100%-4 64"
					tooltip_style="pgToolTip"
				>
					<translatableAttribute id="caption">Single Player</translatableAttribute>
					<translatableAttribute id="tooltip">Challenge the computer player to a single player match.</translatableAttribute>
					<action on="Press">
						closeMenu();
						openMenu("submenuSinglePlayer", (this.parent.size.top+this.size.top), (this.size.bottom-this.size.top), 3);
					</action>
				</object>

				<!-- MULTIPLAYER BUTTON -->
				<object name="menuMultiplayerButton"
					style="StoneButtonFancy"
					type="button"
					size="4 68 100%-4 96"
					tooltip_style="pgToolTip"
				>
					<translatableAttribute id="caption">Multiplayer</translatableAttribute>
					<translatableAttribute id="tooltip">Fight against one or more human players in a multiplayer game.</translatableAttribute>
					<action on="Press">
						closeMenu();
						openMenu("submenuMultiplayer", (this.parent.size.top+this.size.top), (this.size.bottom-this.size.top), 3);
					</action>
				</object>

				<!-- TOOLS AND OPTIONS BUTTON -->
				<object name="menuToolsAndOptionsButton"
					style="StoneButtonFancy"
					type="button"
					size="4 100 100%-4 128"
					tooltip_style="pgToolTip"
				>
					<translatableAttribute id="caption">Tools &amp; Options</translatableAttribute>
					<translatableAttribute id="tooltip">Game options and scenario design tools.</translatableAttribute>
					<action on="Press">
						closeMenu();
						openMenu("submenuToolsAndOptions", (this.parent.size.top+this.size.top), (this.size.bottom-this.size.top), 6);
					</action>
				</object>

				<!-- EXIT BUTTON -->
				<object name="menuExitButton"
					type="button"
					style="StoneButtonFancy"
					size="4 132 100%-4 160"
					tooltip_style="pgToolTip"
				>
					<translatableAttribute id="caption">Exit</translatableAttribute>
					<translatableAttribute id="tooltip">Exits the game.</translatableAttribute>
					<action on="Press">exitGamePressed();</action>
				</object>
			</object>

			<!-- PRE-RELEASE INFO -->
			<object size="8 100%-400 100%-8 100%-100"
				type="image"
				style="TranslucentPanelThinBorder"
			>

				<!-- PRE-RELEASE WARNING -->
				<object
					font="sans-14"
					type="text"
					textcolor="white"
					size="8 8 100%-8 100%-36"
					ghost="true"
				>
					<!-- IMPORTANT: remember to update session/top_panel/label.xml in sync with this: -->
					<attribute id="caption">
						<keep>[font="sans-bold-16"]</keep>
						<translate>Vox Populi: 22.0.9</translate>
						<keep>[/font]\n\n</keep>
						<translate>This is a balance mod aiming to perfect and enhance the 0 A.D. experience. WARNING: This mod includes completly new features. Please read the Summary carefully.</translate>
					</attribute>
				</object>

				<!-- GET INVOLVED -->
				<object type="button"
					style="StoneButton"
					tooltip_style="pgToolTip"
					size="8 100%-144 50%-4 100%-116"
				>
					<translatableAttribute id="caption">Website</translatableAttribute>
					<translatableAttribute id="tooltip">Click to visit 0 A.D. official website in your web browser.</translatableAttribute>
					<action on="Press"><![CDATA[
						openURL("https://play0ad.com/");
					]]></action>
				</object>

				<object type="button"
					style="StoneButton"
					tooltip_style="pgToolTip"
					size="50%+4 100%-144 100%-8 100%-116"
				>
					<translatableAttribute id="caption">Chat</translatableAttribute>
					<translatableAttribute id="tooltip">Click to open the 0 A.D. IRC chat in your browser. (#0ad on webchat.quakenet.org)</translatableAttribute>
					<action on="Press"><![CDATA[
						openURL("http://webchat.quakenet.org/?channels=0ad");
					]]></action>
				</object>

				<object type="button"
					style="StoneButton"
					tooltip_style="pgToolTip"
					size="8 100%-108 100%-8 100%-80"
				>
					<translatableAttribute id="caption">Mod Forum Page</translatableAttribute>
					<translatableAttribute id="tooltip">Click to visit the Vox Populi forum page to report bugs or give feedback.</translatableAttribute>
					<action on="Press"><![CDATA[
						openURL("https://wildfiregames.com/forum/index.php?/topic/22869-vox-populi-the-ultimate-balance-mod/");
					]]></action>
				</object>

				<object type="button"
					style="StoneButton"
					tooltip_style="pgToolTip"
					size="8 100%-72 100%-8 100%-44"
				>
					<translatableAttribute id="caption">Translate the game</translatableAttribute>
					<translatableAttribute id="tooltip">Click to open the 0 A.D. translate page in your browser.</translatableAttribute>
					<action on="Press"><![CDATA[
						openURL("http://trac.wildfiregames.com/wiki/Localization");
					]]></action>
				</object>

				<object type="button"
					style="StoneButton"
					tooltip_style="pgToolTip"
					size="8 100%-36 100%-8 100%-8"
				>
					<translatableAttribute id="caption">Credits</translatableAttribute>
					<translatableAttribute id="tooltip">Click to see the 0 A.D. credits.</translatableAttribute>
					<action on="Press">
						Engine.PushGuiPage("page_credits.xml", {});
					</action>
				</object>

			</object>

			<!-- LOGO AND BUILD VERSION -->
			<object
				size="4 100%-84 100%-4 100%-56"
				ghost="true"
			>

				<!-- COMPANY LOGO -->
				<object name="companyLogo"
					type="image"
					sprite="companyLogo"
					ghost="true"
					size="50%-16 0 50%+16 32"
				/>

				<!-- COMPANY NAME -->
				<object type="text"
					style="MediumTitleText"
					ghost="true"
					size="50%-128 32 50%+128 48"
				>
					<translatableAttribute id="caption">WILDFIRE GAMES</translatableAttribute>
				</object>
			</object>

			<!-- VERSION -->
			<object name="versionNumber"
				type="text"
				style="MediumTitleText"
				ghost="true"
				size="50%-128 100%-36 50%+128 100%"
			>
				<action on="Load">
					this.caption = getBuildString();
				</action>
			</object>
		</object>
	</object>

</objects>
