<?xml version="1.0" encoding="utf-8"?>
<actor version="1">
  <castshadow/>
  <group>
    <variant file="biped/base_spearman_ready.xml">
      <mesh>skeletal/new/m_armor_pants_tunic_long.dae</mesh>
      <props>
        <prop actor="props/units/heads/celt_helmet_a.xml" attachpoint="helmet"/>
        <prop actor="props/units/heads/new/head_celt.xml" attachpoint="head"/>
        <prop actor="props/units/shields/celt_hex.xml" attachpoint="shield"/>
        <prop actor="props/units/weapons/spear_gold.xml" attachpoint="weapon_R"/>
        <prop actor="props/temp/l_sheath.xml" attachpoint="sheath_L"/>
        <prop actor="props/units/cape_animated_swordsman_shield_ready.xml" attachpoint="root"/>
      </props>
    </variant>
  </group>
  <group>
    <variant frequency="4" name="chainmail-1">
      <textures><texture file="skeletal/celt_chain_01.png" name="baseTex"/></textures>
    </variant>
    <variant frequency="1" name="leather-1">
      <textures><texture file="skeletal/celt_leather_01.png" name="baseTex"/></textures>
    </variant>
    <variant frequency="1" name="leather-2">
      <textures><texture file="skeletal/celt_leather_02.png" name="baseTex"/></textures>
    </variant>
    <variant frequency="3" name="leather-3">
      <textures><texture file="skeletal/celt_leather_03.png" name="baseTex"/></textures>
    </variant>
    <variant frequency="1" name="leather-4">
      <textures><texture file="skeletal/celt_leather_04.png" name="baseTex"/></textures>
    </variant>
    <variant frequency="2" name="linothorax-1">
      <textures><texture file="skeletal/celt_linothorax_01.png" name="baseTex"/></textures>
    </variant>
    <variant frequency="2" name="linothorax-2">
      <textures><texture file="skeletal/celt_linothorax_02.png" name="baseTex"/></textures>
    </variant>
    <variant frequency="3" name="linothorax-3">
      <textures><texture file="skeletal/celt_linothorax_03.png" name="baseTex"/></textures>
    </variant>
  </group>
  <group>
    <variant frequency="1" name="Idle"/>
    <variant file="biped/attack_capture.xml"/>
    <variant file="biped/attack_slaughter.xml"/>
    <variant file="biped/gather_tree.xml"/>
    <variant file="biped/gather_grain.xml"/>
    <variant file="biped/gather_fruit.xml"/>
    <variant file="biped/gather_meat.xml"/>
    <variant file="biped/gather_rock.xml"/>
    <variant file="biped/gather_ore.xml"/>
    <variant file="biped/gather_ruins.xml"/>
    <variant file="biped/gather_praise.xml"/>
    <variant file="biped/build.xml"/>
    <variant file="biped/build_farm.xml"/>
    <variant file="biped/carry_food.xml"/>
    <variant file="biped/carry_meat.xml"/>
    <variant file="biped/carry_wood.xml"/>
    <variant file="biped/carry_stone.xml"/>
    <variant file="biped/carry_metal.xml"/>
    <variant file="biped/carry_food_idle.xml"/>
    <variant file="biped/carry_meat_idle.xml"/>
    <variant file="biped/carry_wood_idle.xml"/>
    <variant file="biped/carry_stone_idle.xml"/>
    <variant file="biped/carry_metal_idle.xml"/>
    <variant file="biped/death_infantry.xml"/>
  </group>
  <material>player_trans.xml</material>
</actor>
