{
	"autoResearch": true,
	"icon": "upgrade_advanced.png",
	"tooltip": "Units promoted to the advanced class gain a lot of quality: 20% extra health (except Cavalry which gain 10%), 1 extra armor level of every type, 20% extra attack for melee units, 4m extra range and 5% better precision for ranged units, faster movement speeds and extra heal speed and range for healers.",
	"modifications": [
		{"value": "Health/Max",                 "multiply": 1.2,  "affects": "!Cavalry"},
		{"value": "Health/Max",                 "multiply": 1.1,  "affects": "Cavalry" },
		{"value": "Armour/Hack",                "add":      1                          },
		{"value": "Armour/Pierce",              "add":      1                          },
		{"value": "Armour/Crush",               "add":      1                          },
		{"value": "Attack/Capture/Value",       "add":      0.4                        },
		{"value": "ResourceGatherer/BaseSpeed", "multiply": 0.5                        },
		{"value": "UnitMotion/WalkSpeed",       "add":      0.5,  "affects": "Infantry"},
		{"value": "UnitMotion/WalkSpeed",       "add":      1,    "affects": "Cavalry" },
		{"value": "Attack/Ranged/MaxRange",     "add":      4,    "affects": "Ranged"  },
		{"value": "Vision/Range",               "add":      4,    "affects": "Ranged"  },
		{"value": "Attack/Ranged/Spread",       "multiply": 0.95, "affects": "Ranged"  },
		{"value": "Attack/Melee/Hack",          "multiply": 1.2,  "affects": "Melee"   },
		{"value": "Attack/Melee/Pierce",        "multiply": 1.2,  "affects": "Melee"   },
		{"value": "Vision/Range",               "add":      3,    "affects": "Healer"  },
		{"value": "Heal/Range",                 "add":      3,    "affects": "Healer"  },
		{"value": "Heal/HP",                    "add":      5,    "affects": "Healer"  },
		{"value": "Loot/food",		"multiply":      1.2	},
		{"value": "Loot/wood",          "multiply":      1.2	},
		{"value": "Loot/stone",         "multiply":      1.2	},
		{"value": "Loot/metal",         "multiply":      1.2	},
		{"value": "Loot/xp",   		"multiply":      1.2	}
	],
	"affects": ["Advanced Unit", "Elite Unit"]
}
