{
	"genericName": "Iron Hero Armor",
	"specificName": {
		"mace": "Sidḗrea Panoplía",
		"spart": "Sidḗrea Panoplía",
		"athen": "Sidḗrea Panoplía",
		"ptol": "Sidḗrea Panoplía",
		"sele": "Sidḗrea Panoplía",
		"rome": "Lorica Ferrea"
	},
	"description": "Body armor fashioned completely of iron, the hardest workable metal known to the ancients.",
	"cost": {"food": 0, "wood": 0, "stone": 0, "metal": 200},
	"requirements": {"tech": "phase_city"},
	"requirementsTooltip": "Unlocked in City Phase.",
	"supersedes": "armor_infantry_02",
	"icon": "armor_cuirass_iron.png",
	"researchTime": 40,
	"tooltip": "All infantry heroes +2 Hack Armor Levels and +2 Pierce Armor Levels, but also +50 Metal Cost.",
	"modifications": [
	{"value": "Armour/Hack", "add": 2.0},
	{"value": "Armour/Pierce", "add": 2.0},
	{"value": "Cost/Resources/metal", "add": 50}],
	"affects": ["Hero Infantry"],
	"soundComplete": "interface/alarm/alarm_upgradearmory.xml"
}
