{
	"genericName": "Stockbreeding",
	"description": "Breeding livestock for food.",
	"cost": {"food": 200, "wood": 0, "stone": 0, "metal": 0},
	"requirements": {"tech": "phase_town"},
	"requirementsTooltip": "Requires the Town Phase.",
	"supersedes": "gather_animals_husbandry",
	"icon": "meat.png",
	"researchTime": 40,
	"tooltip": "Breed time -25% for domestic animals (sheep, goats, cattle, etc.).",
	"modifications": [{"value": "Cost/BuildTime", "multiply": 0.75}],
	"affects": ["Domestic"],
	"soundComplete": "interface/alarm/alarm_upgradearmory.xml"
}
