{
	"pair": "pair_melee_specialization",
	"genericName": "Melee Infantry Specialization",
	"description": "Craft superior weapons and armor for melee infantry.",
	"cost": {"food": 800, "wood": 800, "stone": 0, "metal": 400},
	"requirements": {"all": [{"tech": "attack_infantry_melee_02"}, {"tech": "armor_infantry_02"}]},
	"requirementsTooltip": "Requires the Quality Blades and Laminated Linen Body Armor technologies.",
	"icon": "pankration.png",
	"researchTime": 60,
	"modifications": [
		{"value": "Attack/Melee/Hack",          "multiply": 1.1},
		{"value": "Attack/Melee/Pierce",        "multiply": 1.1},
		{"value": "Attack/Melee/Crush",         "multiply": 1.1},
		{"value": "Armour/Hack", "add": 1.0},
		{"value": "Armour/Pierce", "add": 1.0}
	],
	"affects": ["Infantry Melee"],
	"tooltip": "Craft fine weapons and armor for melee infantry. +10% attack, +1 hack and pierce armor for all melee infantry.",
	"soundComplete": "interface/alarm/alarm_upgradearmory.xml"
}
