{
	"pair": "pair_melee_specialization",
	"genericName": "Melee Cavalry Specialization",
	"description": "Craft superior weapons and armor for melee infantry.",
	"cost": {"food": 800, "wood": 800, "stone": 0, "metal": 400},
	"requirements": {"all": [{"tech": "armor_cav_02"}, {"tech": "attack_cavalry_melee_02"}]},
	"requirementsTooltip": "Requires Iron Weapons (Melee) and Chamfron (2) technologies.",
	"icon": "sword_cavalry.png",
	"researchTime": 60,
	"modifications": [
		{"value": "Attack/Melee/Hack",          "multiply": 1.1},
		{"value": "Attack/Melee/Pierce",        "multiply": 1.1},
		{"value": "Attack/Melee/Crush",         "multiply": 1.1},
		{"value": "Armour/Hack", "add": 1.0},
		{"value": "Armour/Pierce", "add": 1.0}
	],
	"affects": ["Cavalry Melee"],
	"tooltip": "Craft deadly weapons and trusty armor for melee riders. +10% attack, +1 hack and pierce armor for all melee cavalry.",
	"soundComplete": "interface/alarm/alarm_upgradearmory.xml"
}
