{
	"genericName": "Quality Footwear",
	"description": "Equip your soldiers with durable footwea.",
	"cost": {"food": 0, "wood": 1000, "stone": 0, "metal": 0},
	"requirements": {"tech": "phase_city"},
	"requirementsTooltip": "Requires the City Phase.",
	"icon": "walk.png",
	"researchTime": 60,
	"tooltip": "Organic units +10% movement speed.",
	"modifications": [
			{"value": "UnitMotion/WalkSpeed", "multiply": 1.1},
			{"value": "UnitMotion/RunSpeed", "multiply": 1.1}
		],
	"affects": ["Human"],
	"soundComplete": "interface/alarm/alarm_upgradearmory.xml"
}
