{
	"genericName": "City Phase",
	"specificName": {
		"mace": "Megalópolis",
		"spart": "Megalópolis"
	},
	"description": "Advances from a bustling town to a veritable metropolis, full of the wonders of modern technology.",
	"cost": { "food": 0, "wood": 0, "stone": 750, "metal": 750 },
	"requirements": { "all": [{ "entity": { "class": "Town", "number": 4 } }, { "notciv": "athen" }] },
	"requirementsTooltip": "Requires 4 new Town Phase structures (except Walls and Civic Centers).",
	"supersedes": "phase_town",
	"icon": "city_phase.png",
	"researchTime": 60,
	"tooltip": "Advance to City Phase, which unlocks more structures and units. Territory radius for Civic Centers increased by another +50%. Citizen soldiers max health increased by +10%. All structures +9 garrisoned regeneration rate.",
	"modifications": [
		{"value": "Vision/Range", "add": 10, "affects": "Unit"},
		{"value": "UnitMotion/WalkSpeed", "multiply": 1.25, "affects": "Unit"},
		{"value": "UnitMotion/RunSpeed", "multiply": 0.7, "affects": "Unit"},
		{"value": "Attack/Ranged/MaxRange", "add": 10.0,  "affects": "Archer"},
		{"value": "Attack/Ranged/MaxRange", "add": 6.0,  "affects": "Sling"},
		{ "value": "TerritoryInfluence/Radius", "multiply": 1.50, "affects": "CivCentre" },
		{ "value": "Health/Max", "multiply": 1.1, "affects": "CitizenSoldier" },
		{ "value": "Capturable/GarrisonRegenRate", "add": 9.0, "affects": "Structure" }
	],
	"soundComplete": "interface/alarm/alarm_phase.xml"
}
