{
	"genericName": "Public Health",
	"description": "Latrines and sewers contributed enormously towards making the city cleaner. Public Baths were oft-frequented places where one could relax after a hard day's work. ",
	"cost": {"food": 0, "wood": 0, "stone": 1000, "metal": 0},
	"requirements": {"tech": "phase_city"},
	"requirementsTooltip": "Unlocked in City Phase.",
	"icon": "sewer.png",
	"researchTime": 60,
	"tooltip": "Improve sanitary conditions throughout your empire. Organic units +10% Health.",
	"modifications": [{"value": "Health/Max", "multiply": 1.1}],
	"affects": ["Human"],
	"soundComplete": "interface/alarm/alarm_upgradearmory.xml"
}
