{
	"pair": "pair_ranged_specialization",
	"genericName": "Ranged Infantry Mastery",
	"description": "Specialize in crafting weapons for ranged combat.",
	"cost": {"food": 800, "wood": 800, "stone": 0, "metal": 400},
	"requirements": {"all": [{"tech": "armor_infantry_02"}, {"tech": "attack_infantry_ranged_02"}]},
	"requirementsTooltip": "Requires Ranged Infantry Irregulars and Ranged Combat Cavalry Training technologies.",
	"icon": "fire_arrows.png",
	"researchTime": 60,
	"modifications": [
		{"value": "Attack/Ranged/Hack",          "multiply": 1.1},
		{"value": "Attack/Ranged/Pierce",        "multiply": 1.1},
		{"value": "Attack/Ranged/Crush",         "multiply": 1.1}
	],
	"affects": ["Infantry Ranged"],
	"tooltip": "Specialize in crafting exquisitely fine weapons for ranged infantry combat. +10% attack for all ranged infantry.",
	"soundComplete": "interface/alarm/alarm_upgradearmory.xml"
}
