{
	"pair": "pair_ranged_specialization",
	"genericName": "Ranged Cavalry Mastery",
	"description": "Specialize in crafting weapons for melee combat.",
	"cost": {"food": 800, "wood": 800, "stone": 0, "metal": 400},
	"requirements": {"all": [{"tech": "armor_cav_02"}, {"tech": "attack_cavalry_ranged_02"}]},
	"requirementsTooltip": "Requires Close Combat Cavalry Training and Chamfron (2) technologies.",
	"icon": "ranged_cavalry.png",
	"researchTime": 60,
	"modifications": [
		{"value": "Attack/Melee/Hack", "multiply": 1.1},
		{"value": "Attack/Melee/Pierce", "multiply": 1.1},
		{"value": "Attack/Melee/Crush", "multiply": 1.1},
		{"value": "Armour/Hack", "add": 1.0},
		{"value": "Armour/Pierce", "add": 1.0}
	],
	"affects": ["Cavalry Ranged"],
	"tooltip": "Specialize in crafting exquisitely fine weapons for melee combat. +10% attack for all melee units.",
	"soundComplete": "interface/alarm/alarm_upgradearmory.xml"
}
