{
	"genericName": "Price Control",
	"description": "Regulate prices at the market.",
	"cost": { "food": 0, "wood": 0, "stone": 200, "metal": 200 },
	"requirements": { "tech": "phase_town" },
	"icon": "weights_measures.png",
	"researchTime": 40,
	"tooltip": "Regulate prices at the market. +15% sell price for resources.",
	"modifications": [
		{ "value": "Player/BarterMultiplier/Sell/food", "multiply": 1.15 },
		{ "value": "Player/BarterMultiplier/Sell/wood", "multiply": 1.15 },
		{ "value": "Player/BarterMultiplier/Sell/stone", "multiply": 1.15 },
		{ "value": "Player/BarterMultiplier/Sell/metal", "multiply": 1.15 }
	],
	"soundComplete": "interface/alarm/alarm_upgradearmory.xml"
}

