{
	"pair": "pair_blacksmith_specialization",
	"genericName": "Melee Specialization",
	"description": "Specialize in crafting weapons for melee combat.",
	"cost": {"food": 500, "wood": 500, "stone": 300, "metal": 300},
	"requirements": {"all": [{"tech": "phase_city"}, {"tech": "attack_infantry_melee_01"}, {"tech": "attack_cavalry_melee_01"}]},
	"requirementsTooltip": "Requires Side Arms and Close Combat Cavalry Training technologies.",
	"icon": "sword_gladius.png",
	"researchTime": 60,
	"modifications": [
		{"value": "Attack/Melee/Hack",          "multiply": 1.1},
		{"value": "Attack/Melee/Pierce",        "multiply": 1.1},
		{"value": "Attack/Melee/Crush",         "multiply": 1.1}
	],
	"affects": ["Melee"],
	"tooltip": "Specialize in crafting exquisitely fine weapons for melee combat. +10% attack for all melee units.",
	"soundComplete": "interface/alarm/alarm_upgradearmory.xml"
}
