{
	"pair": "pair_blacksmith_specialization",
	"genericName": "Ranged Specialization",
	"description": "Specialize in crafting weapons for ranged combat.",
	"cost": {"food": 500, "wood": 500, "stone": 300, "metal": 300},
	"requirements": {"all": [{"tech": "phase_city"}, {"tech": "attack_infantry_ranged_01"}, {"tech": "attack_cavalry_ranged_01"}]},
	"requirementsTooltip": "Requires Ranged Infantry Irregulars and Ranged Combat Cavalry Training technologies.",
	"icon": "bow_recurved.png",
	"researchTime": 60,
	"modifications": [
		{"value": "Attack/Ranged/Hack",          "multiply": 1.1},
		{"value": "Attack/Ranged/Pierce",        "multiply": 1.1},
		{"value": "Attack/Ranged/Crush",         "multiply": 1.1}
	],
	"affects": ["Ranged"],
	"tooltip": "Specialize in crafting exquisitely fine weapons for ranged combat. +10% attack for all ranged units.",
	"soundComplete": "interface/alarm/alarm_upgradearmory.xml"
}
