{
	"genericName": "Espionage",
	"description": "Merchants' first goal was trading, but they also gathered information about the countries they crossed. Furthermore, they were able to secure informants from along the local residents - at a cost.",
	"cost": { "food": 500, "wood": 500, "stone": 300, "metal": 300 },
	"requirements": { "tech": "phase_city" },
	"icon": "spy_trader.png",
	"researchTime": 80,
	"tooltip": "Allows bribing the units of other players in order to share their vision.",
	"soundComplete": "interface/alarm/alarm_upgradearmory.xml"
}
