{
	"type": "range",
	"radius": 40,
	"affects": ["Horse"],
	"affectedPlayers": ["Ally", "Enemy"],
	"modifications": [
		{ "value": "Attack/Melee/Hack", "multiply": 0.8 },
		{ "value": "Attack/Melee/Pierce", "multiply": 0.8 },
		{ "value": "Attack/Melee/Crush", "multiply": 0.8 },
		{ "value": "Attack/Ranged/Hack", "multiply": 0.8 },
		{ "value": "Attack/Ranged/Pierce", "multiply": 0.8 },
		{ "value": "Attack/Ranged/Crush", "multiply": 0.8 }
	],
	"auraName": "Camel Smell",
	"auraDescription": "Disrupt horses with the camels' strange smell. -20% attack for all nearby cavalry.",

	"rangeOverlay" : {
		"lineTexture": "outline_border.png",
		"lineTextureMask": "outline_border_mask.png",
		"lineThickness": 0.075
	}
}
