{
	"type": "range",
	"radius": 30,
	"affects": ["Mercenary"],
	"affectedPlayers": ["Enemy"],
	"modifications": [
		{ "value": "Attack/Melee/Hack", "multiply": 0.8 },
		{ "value": "Attack/Melee/Pierce", "multiply": 0.8 },
		{ "value": "Attack/Melee/Crush", "multiply": 0.8 },
		{ "value": "Attack/Ranged/Hack", "multiply": 0.8 },
		{ "value": "Attack/Ranged/Pierce", "multiply": 0.8 },
		{ "value": "Attack/Ranged/Crush", "multiply": 0.8 }
	],
	"auraName": "Subduer of Mercenaries",
	"auraDescription": "-20% attack for enemy mercenaries."
}
