{
	"type": "range",
	"radius": 30,
	"affects": ["Soldier", "Siege"],
	"modifications": [
		{ "value": "Attack/Melee/Hack", "multiply": 1.2 },
		{ "value": "Attack/Melee/Pierce", "multiply": 1.2 },
		{ "value": "Attack/Melee/Crush", "multiply": 1.2 },
		{ "value": "Attack/Ranged/Hack", "multiply": 1.2 },
		{ "value": "Attack/Ranged/Pierce", "multiply": 1.2 },
		{ "value": "Attack/Ranged/Crush", "multiply": 1.2 },
		{ "value": "Attack/Capture/Value", "add": 2 }
	],
	"auraName": "Triumph",
	"auraDescription": "+20% attack and +2 capture for soldiers and siege engines.",
	"overlayIcon": "art/textures/ui/session/auras/attack_bonus.png"
}
