<?xml version="1.0" encoding="UTF-8" standalone="no" ?>
<actor version="1">
  <castshadow/>
  <group>
    <variant frequency="100" name="Base">
      <animations>
        <animation file="biped/cavalryidle.psa" name="Idle" speed="50"/>
        <animation file="biped/cavalryidle.psa" name="Walk" speed="18"/>
        <animation file="biped/rider_gallop.psa" name="Run" speed="40"/>
        <animation event="0.5" file="cavalry/sword/attack/rider_sword_shield_atk_a.psa" name="attack_melee" speed="400"/>
        <animation event="0.5" file="cavalry/sword/attack/rider_sword_shield_atk_a.psa" name="attack_slaughter" speed="400"/>
        <animation file="biped/rider_sword_death_a.psa" name="death" speed="240"/>
        <animation event="0.5" file="cavalry/sword/attack/rider_sword_shield_atk_a.psa" name="gather_meat" speed="400"/>
      </animations>
      <mesh>skeletal/m_tunic_short.dae</mesh>
      <props>
        <prop actor="props/units/heads/head_iber_adv_hood_1.xml" attachpoint="head"/>
        <prop actor="props/units/weapons/falcata.xml" attachpoint="r_hand"/>
        <prop actor="props/units/shields/iber_scutum_hero.xml" attachpoint="shield"/>
        <prop actor="props/units/heads/iber_helmet_hero_01.xml" attachpoint="helmet"/>
      </props>
    </variant>
  </group>
  <group>
    <variant frequency="1" name="Texture">
      <textures><texture file="skeletal/kart_ijv_e_2.dds" name="baseTex"/></textures>
    </variant>
  </group>
  <group>
    <variant frequency="100" name="Idle"/>
    <variant name="carry_meat">
      <props>
        <prop actor="props/units/shuttle_meat.xml" attachpoint="r_hand"/>
        <prop attachpoint="l_hand"/>
        <prop attachpoint="shield"/>
      </props>
    </variant>
  </group>
  <material>player_trans.xml</material>
</actor>
