<?xml version="1.0" encoding="UTF-8" standalone="no" ?>
<actor version="1">
  <castshadow/>
  <group>
    <variant frequency="1" name="Base">
      <animations>
        <animation file="quadraped/horse_idle_a.psa" name="Idle" speed="50"/>
        <animation file="quadraped/horse_walk.psa" name="Walk" speed="120"/>
        <animation file="quadraped/horse_gallop.psa" name="Run" speed="40"/>
        <animation file="quadraped/horse_walk.psa" name="carry_meat" speed="120"/>
        <animation file="quadraped/horse_attack_a.psa" name="attack_melee" speed="20"/>
        <animation file="quadraped/horse_attack_b.psa" name="attack_melee" speed="20"/>
        <animation file="quadraped/horse_attack_a.psa" name="attack_slaughter" speed="20"/>
        <animation file="quadraped/horse_death.psa" name="death" speed="240"/>
      </animations>
      <mesh>skeletal/horse.pmd</mesh>
      <props>
        <prop actor="units/carthaginians/cavalry_swordsman_champ_r.xml" attachpoint="rider"/>
      </props>
    </variant>
  </group>
  <group>
    <variant frequency="1" name="horse-color-bay">
      <color>203 90 52</color>
      <textures><texture file="skeletal/horse_kart_csw_b_1.dds" name="baseTex"/></textures>
    </variant>
    <variant frequency="1" name="horse-color-red-chestnut">
      <color>207 132 109</color>
      <textures><texture file="skeletal/horse_kart_csw_b_1.dds" name="baseTex"/></textures>
    </variant>
    <variant frequency="1" name="horse-color-black">
      <color>60 60 60</color>
      <textures><texture file="skeletal/horse_kart_csw_b_1.dds" name="baseTex"/></textures>
    </variant>
  </group>
  <group>
    <variant frequency="100" name="Idle"/>
    <variant name="Run">
      <props>
        <prop actor="particle/dust_cav.xml" attachpoint="root"/>
      </props>
    </variant>
  </group>
  <material>objectcolor.xml</material>
</actor>
